episode,reward
0,0.6515770076960326
1,0.0
2,0.7511487192007683
3,0.0
4,0.0
5,0.6473338608979566
6,0.0
7,0.6586459934784741
8,0.7511487192007683
9,0.6558574530257706
10,0.0
11,0.0
12,0.0
13,0.7196039603960396
14,0.0
15,0.0
16,0.0
17,0.0
18,0.0
19,0.0
