{
  "episodes": [
    0,
    5,
    10,
    15,
    20,
    25,
    30,
    35,
    40,
    45,
    50,
    55,
    60,
    65,
    70,
    75,
    80,
    85,
    90,
    95,
    100
  ],
  "baseline_rewards": [
    0.38,
    0.38,
    0.38,
    0.38,
    0.38,
    0.38,
    0.38,
    0.38,
    0.38,
    0.38,
    0.38,
    0.38,
    0.38,
    0.38,
    0.38,
    0.38,
    0.38,
    0.38,
    0.38,
    0.38,
    0.38
  ],
  "ppo_rewards": [
    0.21308079294408205,
    0.3009274666245946,
    0.3611899179091166,
    0.4470313745681391,
    0.5154056784602941,
    0.6501263496009206,
    0.6721157049745764,
    0.6805321543560507,
    0.7171485939961487,
    0.7023756402805376,
    0.68616143173615,
    0.6983824649685958,
    0.7080243334075552,
    0.7125339019471166,
    0.7045150211988495,
    0.6747893988412114,
    0.6938871993265397,
    0.720615200207433,
    0.7590543838032884,
    0.7873683329464181,
    0.763756381277481
  ]
}